 JDAY,WB,VOLIN(m3),VOLPR(m3),VOLOUT(m3),VOLWD(m3),VOLEV(m3),VOLDT(m3),VOLTRB(m3),VOLICE(m3),%VOLerror,
 37408.040,   1,  0.69023290E+05,   0.00000000E+00,  -0.58268783E+05,   0.00000000E+00,   0.00000000E+00,  -0.18328295E+03,   0.00000000E+00,   0.00000000E+00,   0.11512093E-09,
 37438.040,   1,  0.10369456E+10,   0.00000000E+00,  -0.76776500E+09,   0.00000000E+00,   0.00000000E+00,  -0.35594206E+07,   0.00000000E+00,   0.00000000E+00,   0.49591471E-11,
 37468.040,   1,  0.16939419E+10,   0.00000000E+00,  -0.13779148E+10,   0.00000000E+00,   0.00000000E+00,  -0.88259687E+07,   0.00000000E+00,   0.00000000E+00,   0.88088144E-11,
 37498.040,   1,  0.18897828E+10,   0.00000000E+00,  -0.17832577E+10,   0.00000000E+00,   0.00000000E+00,  -0.12642927E+08,   0.00000000E+00,   0.00000000E+00,   0.18856640E-10,
 37528.040,   1,  0.21031763E+10,   0.00000000E+00,  -0.21412245E+10,   0.00000000E+00,   0.00000000E+00,  -0.14805484E+08,   0.00000000E+00,   0.00000000E+00,  -0.18198624E-10,
 37558.040,   1,  0.22606996E+10,   0.00000000E+00,  -0.23811953E+10,   0.00000000E+00,   0.00000000E+00,  -0.16088548E+08,   0.00000000E+00,   0.00000000E+00,   0.81169679E-11,
 37588.040,   1,  0.23701893E+10,   0.00000000E+00,  -0.24445539E+10,   0.00000000E+00,   0.00000000E+00,  -0.16960418E+08,   0.00000000E+00,   0.00000000E+00,  -0.40644865E-10,
